threshold,name,sensitivity,specificity,alpha,beta,p_value
0.5010994776323259,WAMPI,0.8705882352941177,0.8653846153846154,-6.940239987897054,13.850024391742332,1.2542133348291732e-8
